time start, time end, drink name, amount(mL), EthOH Amount1674936671.129648, 1674936671, NaD,90, 0
1674936675.4041626, 1674936675, NaD,90, 0
1674936690.104767, 1674936690, NaD,90, 0
1674936698.364671, 1674936698, NaD,90, 0
